JT,JT,-
MEN-SHUEN,MEN-SHUEN,-
YRC,YRC,-
SUN DREAM,SUN DREAM,-
Thammarat,Thammarat,-
Aek-Amorn,Aek-Amorn,-
Mongkol,Mongkol,-
Everest,Everest,-
WILLINGTEX,WILLINGTEX,-
NANYANG,NANYANG,-
LEE YAW,LEE YAW,-
TAIWAN,TAIWAN,-
Tongsiang,Tongsiang,-
VIETNAM,VIETNAM,-
ไทยจงหยก,ไทยจงหยก,-
MONGKAL,MONGKAL,-
Grandeur,Grandeur,-
ตากสิน,ตากสิน,-
THAI TAFFETA,THAI TAFFETA,-
รักษ์ผ้าร่ม,รักษ์ผ้าร่ม,-
SS Tex Tile,SS Tex Tile,-
คุณธนิศร์,คุณธนิศร์,-
J F M,J F M,-
HONMYUE,HONMYUE,-
MEN CHUEN,MEN CHUEN,-
MAN-CHUEN,MAN-CHUEN,-
STOCK,STOCK,-
XIONGXIAN,XIONGXIAN,-
YU SHIN,YU SHIN,-
TAX ID,TAX ID,-
PAIHO,PAIHO,-
YKK,YKK,-